229796,"Group 2 FK Heat 4 Slopestyle","2024-04-07 14:00:00"
359781,"SB Group 5 Youth Men Slopestyle","2025-03-30 14:00:00"
229798,"Group 3 FK Slopestyle","2024-04-09 10:00:00"
229959,"SkiCross - Group 4 - Monday","2024-04-08 14:00:00"
227450,"Group 2 SB Slopestyle","2024-04-02 14:00:00"
117098,"Group 3 Slopestyle (Main Bank)","2023-04-03 00:00:00"
117989,"Group 4 Halfpipe","2023-04-09 10:00:00"
117599,"Group 4 Halfpipe","2023-04-06 10:00:00"
118154,"Group 3 Halfpipe","2023-04-10 10:00:00"
118187,"Group 1 Non FIS Slopestyle","2023-04-10 10:00:00"
118649,"Group 1 FIS Halfpipe","2023-04-11 10:00:00"
119078,"Group 2 Halfpipe","2023-04-12 10:00:00"
118616,"Group 3 Slopestyle","2023-04-11 10:00:00"
226757,"Sunday 3-31 Group 1 SB Cross","2024-03-31 15:00:00"
230156,"Group 1 FIS FK Slopestyle","2024-04-08 10:00:00"
227318,"Group 5 SB Halfpipe","2024-04-02 10:00:00"
226658,"Group 3 SB Halfpipe","2024-03-31 10:00:00"
229958,"SkiCross - Group 3 - Sunday","2024-04-07 14:00:00"
227517,"Group 2 SS SB Breaker Girls","2024-04-02 14:00:00"
116836,"Group 5 Slopestyle","2023-04-02 10:00:00"
116835,"Group 3 Halfpipe","2023-04-02 10:00:00"
346415,"SB Group 1 Mens FIS Slopestyle","2025-04-03 14:00:00"
228343,"Wednesday Group 2 BX","2024-04-03 15:00:00"
227947,"Group 1 FIS Halfpipe","2024-04-03 10:00:00"
227948,"Group 1 SB Halfpipe","2024-04-03 10:00:00"
346421,"SB Group 1 Age Class Slopestyle","2025-04-03 14:00:00"
117462,"Group 4 Slopestyle","2023-04-05 10:00:00"
117463,"Group 1 Non FIS Halfpipe","2023-04-05 10:00:00"
116901,"Group 2 Halfpipe","2023-04-03 10:00:00"
116900,"Group 3 Slopestyle","2023-04-03 10:00:00"
117598,"Group 1 Non FIS Slopestyle","2023-04-06 10:00:00"
117594,"Group 1 FIS Slopestyle","2023-04-06 10:00:00"
230255,"Group 1 FK Slopestyle","2024-04-08 10:00:00"
117066,"Group 2 Slopestyle","2023-04-04 10:00:00"
117067,"Group 5 Halfpipe","2023-04-04 10:00:00"
226691,"Group 5 SB Slopestyle","2024-03-31 10:00:00"
118022,"Group 2 Slopestyle","2023-04-09 10:00:00"
117465,"Group 1 FIS Halfpipe","2023-04-05 10:00:00"
227023,"Group 2 SB Halfpipe","2024-04-01 10:00:00"
227054,"Group 5 - SBX - Monday","2024-04-01 15:00:00"
227088,"Group 3 - B SB Slopestyle","2024-04-01 10:00:00"
227087,"Group 3 - A SB Slopestyle","2024-04-01 10:00:00"
229960,"SkiCross - Group 2 - Tuesday","2024-04-09 14:00:00"
230915,"RJ 4 FK Rail Jam","2024-04-09 10:00:00"
228048,"Group 1 SB Slopestyle","2024-04-04 10:00:00"
227980,"Group 4 SB Slopestyle","2024-04-03 10:00:00"
229793,"Group 3 FK Halfpipe","2024-04-08 10:00:00"
227714,"Tuesday Snowboard Group 4 Cross","2024-04-02 15:00:00"
117329,"Group 2 Slopestyle Breaker Girls","2023-04-03 00:00:00"
341995,"SB Group 5 Slalom","2025-04-03 14:00:00"
228408,"Group 1 FIS Slopestyle","2024-04-04 14:00:00"
118155,"Group 1 FIS Slopestyle","2023-04-10 10:00:00"
348134,"FK Group 1 FIS Halfpipe","2025-04-08 14:00:00"
119243,"Group 4 Slopestyle","2023-04-12 10:00:00"
346877,"SB National Championship Officials / Support Staff Registration","2025-03-28 14:00:00"
230090,"Group 1 FIS FK Halfpipe","2024-04-09 10:00:00"
229961,"SkiCross - Group 1 - Wednesday","2024-04-10 14:00:00"
228410,"Group 4 SB Halfpipe","2024-04-04 10:00:00"
229794,"Group 2 FK Halfpipe","2024-04-10 10:00:00"
228803,"Thursday Cross SB","2024-04-04 14:00:00"
228902,"Group 4 FK Halfpipe","2024-04-07 10:00:00"
229795,"Group 1 FK Halfpipe","2024-04-09 10:00:00"
229397,"Group 2 FK Slopestyle","2024-04-07 10:00:00"
229827,"Group 4 FK Slopestyle","2024-04-10 10:00:00"
348199,"FK Group 3 Halfpipe","2025-04-07 14:00:00"
348264,"FK Group 4 Ski Cross","2025-04-07 14:00:00"
341894,"SB Group 5 Breaker Boys Slopestyle","2025-03-30 14:00:00"
346419,"SB Group 1 Age Class Slalom","2025-04-01 14:00:00"
346910,"FK National Championship Officials / Support Staff Registration","2025-04-04 14:00:00"
228407,"Group 2 Boardercross","2024-04-03 10:00:00"
345722,"SB Group 3 Boardercross","2025-04-03 14:00:00"
348137,"FK Group 1 Age Class Ski Cross","2025-04-09 14:00:00"
346454,"SB Group 2 Giant Slalom","2025-04-03 14:00:00"
361529,"Cross Template Test","2025-04-29 20:00:00"
348167,"FK Group 2 Rail Jam","2025-04-06 14:00:00"
362061,"FK Group 1 Womens FIS Slopestyle","2025-04-07 14:00:00"
348166,"FK Group 2 Ski Cross","2025-04-08 14:00:00"
345788,"SB Group 3 Slopestyle","2025-03-31 14:00:00"
343611,"SB Group 4 Slalom","2025-03-31 14:00:00"
346453,"SB Group 2 Boardercross","2025-04-02 14:00:00"
348230,"FK Group 3 Rail Jam","2025-04-07 14:00:00"
325097,"Regional Halfpipe Template","2025-06-01 14:00:00"
325098,"Regional Giant Slalom Template","2025-06-01 14:00:00"
325099,"Regional Slalom Template","2025-06-01 14:00:00"
325100,"Regional Cross Template","2025-06-01 14:00:00"
325101,"Regional Slopestyle Template","2025-06-01 14:00:00"
325102,"Regional Rail Jam Template","2025-06-01 14:00:00"
301967,"USASA Futures Tour Alternate List - Woodward Park City","2024-11-20 15:00:00"
361562,"SB Group 1 Womens FIS Slopestyle","2025-04-03 14:00:00"
348165,"FK Group 2 Halfpipe","2025-04-09 14:00:00"
341402,"SB National Championship Coach Registration","2025-03-28 14:00:00"
343645,"SB Group 4 Halfpipe","2025-04-03 14:00:00"
341403,"FK National Championship Coach Registration","2025-04-04 14:00:00"
301536,"USASA Futures Tour Alternate List - Okemo","2024-11-20 15:00:00"
342026,"SB Group 5 Rail Jam","2025-04-02 14:00:00"
348132,"FK Group 1 Mens FIS Slopestyle","2025-04-07 14:00:00"
348263,"FK Group 4 Halfpipe","2025-04-06 14:00:00"
301964,"USASA Futures Tour Alternate List - Mt. Snow","2024-11-20 15:00:00"
301965,"USASA Futures Tour Alternate List - Northstar","2024-11-20 15:00:00"
301966,"USASA Futures Tour Alternate List - Mammoth","2024-11-20 15:00:00"
346382,"SB Group 1 FIS Slalom","2025-04-01 14:00:00"
348200,"FK Group 3 Slopestyle","2025-04-08 14:00:00"
348296,"FK Group 4 Slopestyle","2025-04-09 14:00:00"
346350,"SB Group 1 FIS Giant Slalom","2025-03-31 14:00:00"
346449,"SB Group 2 Slalom","2025-03-30 14:00:00"
348133,"FK Group 1 Age Class Slopestyle","2025-04-07 14:00:00"
346383,"SB Group 1 FIS Halfpipe","2025-04-02 14:00:00"
343644,"SB Group 4 Slopestyle","2025-04-02 14:00:00"
348297,"FK Group 4 Rail Jam","2025-04-08 14:00:00"
348131,"FK Group 1 FIS Rail Jam","2025-04-05 14:00:00"
348136,"FK Group 1 FIS Ski Cross","2025-04-09 14:00:00"
341994,"SB Group 5 Giant Slalom","2025-04-02 14:00:00"
348135,"FK Group 1 Age Class Halfpipe","2025-04-08 14:00:00"
346451,"SB Group 2 Halfpipe","2025-03-31 14:00:00"
346418,"SB Group 1 Age Class Giant Slalom","2025-03-31 14:00:00"
348164,"FK Group 2 Slopestyle","2025-04-06 14:00:00"
345755,"SB Group 3 Halfpipe","2025-03-30 14:00:00"
346420,"SB Group 1 Age Class Halfpipe","2025-04-02 14:00:00"
346417,"SB Group 1 Age Class Boardercross","2025-03-30 14:00:00"
346481,"SB Group 2 Rail Jam","2025-03-30 14:00:00"
345791,"SB Group 3 Rail Jam","2025-03-31 14:00:00"
346416,"SB Group 1 FIS Rail Jam","2025-03-29 14:00:00"
346349,"SB Group 1 FIS Boardercross","2025-03-30 14:00:00"
346452,"SB Group 2 Slopestyle","2025-04-01 14:00:00"
340574,"SB Group 5 Boardercross","2025-03-31 14:00:00"
343610,"SB Group 4 Giant Slalom","2025-03-30 14:00:00"
343646,"SB Group 4 Rail Jam","2025-04-01 14:00:00"
341993,"SB Group 5 Halfpipe","2025-04-01 14:00:00"
345789,"SB Group 3 Giant Slalom","2025-04-01 14:00:00"
343643,"SB Group 4 Boardercross","2025-04-01 14:00:00"
345790,"SB Group 3 Slalom","2025-04-02 14:00:00"
348198,"FK Group 3 Ski Cross","2025-04-06 14:00:00"
